{"CCCP+Baf_2C=0T=0.tif": {"low": 20.046346153846144, "high": 127.43711538461537}, "CCCP+Baf_2C=1T=0.tif": {"low": 12.680192307692295, "high": 130.5}, "CCCP_1C=0T=0.tif": {"low": 22.372499999999988, "high": 151.08634615384614}, "CCCP_1C=1T=0.tif": {"low": 13.455576923076919, "high": 153.4125}, "CCCP_2C=0T=0.tif": {"low": 25.86173076923076, "high": 132.5}, "CCCP_2C=1T=0.tif": {"low": 10.354038461538451, "high": 70.05865384615385}, "N2CCCP+Baf_1C=1T=0.tif": {"low": 13.455576923076919, "high": 47.184807692307686}, "N2CCCP+Baf_3C=0T=0.tif": {"low": 31.677115384615377, "high": 57.65249999999999}, "N2CCCP+Baf_4C=1T=0.tif": {"low": 16.557115384615372, "high": 49.51096153846153}, "N2Con_3C=0T=0.tif": {"low": 35.166346153846135, "high": 65.79403846153845}, "N2Con_3C=1T=0.tif": {"low": 20.046346153846144, "high": 92.15711538461535}, "N2Rapa+CCCP+Baf_1C=1T=6.tif": {"low": 40.594038461538446, "high": 77.42480769230768}, "N3CCCP+Baf_1C=1T=0.tif": {"low": 17.7201923076923, "high": 57.65249999999999}, "N3CCCP+Baf_2C=0T=0.tif": {"low": 19.65865384615384, "high": 70.05865384615383}, "N3CCCP_2C=0T=0.tif": {"low": 15.394038461538457, "high": 96.42173076923073}, "N3CCCP_4C=1T=1.tif": {"low": 30.901730769230753, "high": 48.3478846153846}, "N3CCCP_4C=1T=10.tif": {"low": 13.843269230769224, "high": 61.14173076923075}, "N3Con_1C=0T=1.tif": {"low": 38.65557692307691, "high": 98.36019230769229}, "N3Con_1C=0T=2.tif": {"low": 28.963269230769214, "high": 92.93249999999996}, "N3Con_1C=1T=1.tif": {"low": 16.557115384615372, "high": 43.69557692307691}, "N3Con_1C=1T=8.tif": {"low": 19.65865384615384, "high": 64.63096153846152}, "N4CCCP_1C=0T=0.tif": {"low": 22.372499999999988, "high": 28.57557692307691}, "N4CCCP_1C=1T=2.tif": {"low": 10.741730769230756, "high": 14.230961538461528}, "N4CCCP_2C=0T=3.tif": {"low": 10.354038461538451, "high": 56.48942307692306}, "N4CCCP_2C=1T=10.tif": {"low": 9.578653846153841, "high": 26.249423076923065}}